ItemID,EndTime,ViewItemURLForNaturalSearch,ListingType,Location,GalleryURL,PictureURL,PrimaryCategoryID,PrimaryCategoryName,BidCount,ListingStatus,TimeLeft,Title,Country,AutoPay,ConditionID,ConditionDisplayName,GlobalShipping,ConvertedCurrentPrice-_currencyID,ConvertedCurrentPrice-value,ItemSpecifics,ItemSpecifics-Brand,ItemSpecifics-Type,ItemSpecifics-Skill Level,ItemSpecifics-Body Finish,ItemSpecifics-Body Material,ItemSpecifics-Key Finish,ItemSpecifics-Custom Bundle,ItemSpecifics-Modified Item,ItemSpecifics-Modified Description,ItemSpecifics-Country/Region of Manufacture,ConditionDescription,ItemSpecifics-NameValueList-Name,ItemSpecifics-NameValueList-Value,QuantityAvailableHint,QuantityThreshold,BuyItNowAvailable,ConvertedBuyItNowPrice-_currencyID,ConvertedBuyItNowPrice-value,postalCode,location
224045256301,2020-07-14T14:37:17.000Z,https://www.ebay.com/itm/ammoon-Mini-Pocket-Bb-Saxophone-ABS-Sax-Mouthpiece-High-2-Reeds-Transport-/224045256301,FixedPriceItem,London,https://thumbs2.ebaystatic.com/pict/2240452563018080_2.jpg,"['https://i.ebayimg.com/00/s/OTU2WDcxMA==/z/NcMAAOSw~~Re-jQj/$_12.PNG?set_id=880000500F', 'https://i.ebayimg.com/00/s/MTAwMFgxMDAw/z/ysAAAOSwXmpe-jQk/$_12.PNG?set_id=880000500F', 'https://i.ebayimg.com/00/s/OTA1WDEwMDA=/z/PeQAAOSwFcte-jQj/$_12.PNG?set_id=880000500F', 'https://i.ebayimg.com/00/s/OTc4WDg2Nw==/z/74oAAOSw4yte-jQj/$_12.PNG?set_id=880000500F', 'https://i.ebayimg.com/00/s/MTAwMFgxMDAw/z/-0wAAOSwpIhe-jQj/$_12.PNG?set_id=880000500F', 'https://i.ebayimg.com/00/s/OTMyWDMwNw==/z/SRoAAOSwjh1e-jQj/$_12.PNG?set_id=880000500F', 'https://i.ebayimg.com/00/s/ODQyWDc0NA==/z/wTIAAOSwxEpe-jQj/$_12.PNG?set_id=880000500F', 'https://i.ebayimg.com/00/s/OTEyWDkxNg==/z/xwsAAOSw7Bde-jQj/$_12.PNG?set_id=880000500F', 'https://i.ebayimg.com/00/s/ODg0WDEwMDA=/z/TMQAAOSw0ple-jQk/$_12.PNG?set_id=880000500F', 'https://i.ebayimg.com/00/s/OTU2WDcxMA==/z/gnwAAOSwR6le-jQj/$_12.PNG?set_id=880000500F', 'https://i.ebayimg.com/00/s/OTU2WDcxMA==/z/ru4AAOSwFVde-jQj/$_12.PNG?set_id=880000500F', 'https://i.ebayimg.com/00/s/OTU2WDcxMA==/z/92UAAOSw7z1e-jQj/$_12.PNG?set_id=880000500F']",16231,Musical Instruments:Wind & Woodwind:Band & Orchestral:Saxophones,0,Active,PT2M14S,ammoon Mini Pocket Bb Saxophone ABS Sax Mouthpiece with High 2 Reeds Transport,GB,true,1000,New,true,USD,64.32,"{'UPC': '692621117078', 'EAN': '0692621117078', 'Brand': 'ammoon', 'MPN': 'AB-3', 'Binding': 'Toy', 'Publisher': 'ammoon', 'ProductGroup': 'Musical Instruments', 'PartNumber': 'IEQ4026475761368OP', 'Model': 'AB-3', 'Manufacturer': 'ammoon', 'Label': 'ammoon', 'ISBN': 'Not Applicable'}",ammoon,,,,,,,,,,,,,,,,,,,
233619110578,2020-07-14T14:46:40.000Z,https://www.ebay.com/itm/Yamaha-alto-saxophone-875-Custom-/233619110578,FixedPriceItem,Chigwell,https://thumbs3.ebaystatic.com/pict/2336191105788080_1.jpg,"['https://i.ebayimg.com/00/s/MTYwMFg5MDA=/z/pkQAAOSw0Q5e5i2G/$_12.JPG?set_id=880000500F', 'https://i.ebayimg.com/00/s/MTYwMFg5MDA=/z/DwoAAOSwfHZe5i2P/$_12.JPG?set_id=880000500F', 'https://i.ebayimg.com/00/s/MTYwMFg5MDA=/z/WyoAAOSwANle5i2-/$_12.JPG?set_id=880000500F', 'https://i.ebayimg.com/00/s/MTYwMFg5MDA=/z/Fq4AAOSwWbFe5i3G/$_12.JPG?set_id=880000500F', 'https://i.ebayimg.com/00/s/MTYwMFg5MDA=/z/FHQAAOSwkF1e5i3N/$_12.JPG?set_id=880000500F', 'https://i.ebayimg.com/00/s/MTYwMFg5MDA=/z/XoMAAOSwvpde5i3R/$_12.JPG?set_id=880000500F', 'https://i.ebayimg.com/00/s/MTYwMFg5MDA=/z/7xEAAOSwZIxe5i3Y/$_12.JPG?set_id=880000500F', 'https://i.ebayimg.com/00/s/OTAwWDE2MDA=/z/omUAAOSwulde5i3g/$_12.JPG?set_id=880000500F', 'https://i.ebayimg.com/00/s/MTYwMFg5MDA=/z/~b4AAOSwx5le5i3o/$_12.JPG?set_id=880000500F', 'https://i.ebayimg.com/00/s/MTYwMFg5MDA=/z/giMAAOSwDFxe5i3x/$_12.JPG?set_id=880000500F', 'https://i.ebayimg.com/00/s/MTYwMFg5MDA=/z/HMIAAOSwiRBe5i3~/$_12.JPG?set_id=880000500F', 'https://i.ebayimg.com/00/s/MTYwMFg5MDA=/z/18kAAOSwIOxe5i4H/$_12.JPG?set_id=880000500F']",16231,Musical Instruments:Wind & Woodwind:Band & Orchestral:Saxophones,0,Active,PT11M36S,Yamaha alto saxophone 875 Custom,GB,false,3000,Used,,USD,3217.46,"{'Brand': 'Yamaha', 'Type': 'Alto'}",Yamaha,Alto,,,,,,,,,,,,,,,,,,
372335300286,2020-07-14T15:13:00.000Z,https://www.ebay.com/itm/Yanagisawa-Sopranino-Sax-Mouthpiece-Ebonite-7-/372335300286,FixedPriceItem,UK,https://thumbs3.ebaystatic.com/pict/3723353002868080_20.jpg,"['https://i.ebayimg.com/00/s/NTIwWDMwNA==/z/tKkAAOSwYxBeiEMg/$_1.PNG?set_id=2', 'https://i.ebayimg.com/00/s/NzAwWDQwMg==/z/CkMAAOSwDDdeozNs/$_1.JPG?set_id=2']",16231,Musical Instruments:Wind & Woodwind:Band & Orchestral:Saxophones,0,Active,PT37M55S,Yanagisawa Sopranino Sax Mouthpiece Ebonite - 7,GB,false,1000,New,,USD,206.8,"{'MPN': 'YSN7R', 'Brand': 'Yanagisawa', 'UPC': '4516546005868', 'ConditionID': 'New', 'EAN': '4516546005868'}",Yanagisawa,,,,,,,,,,,,,,,,,,,
203021295012,2020-07-14T15:37:01.000Z,https://www.ebay.com/itm/BG-S10ESH-Elasticated-Comfort-Alto-Tenor-Saxophone-Sling-Snap-Hook-/203021295012,FixedPriceItem,"Kirkcaldy, Fife",https://thumbs1.ebaystatic.com/pict/2030212950128080_1.jpg,"['https://i.ebayimg.com/00/s/MTYwMFg2MDk=/z/ezYAAOSwvide5kOx/$_57.JPG?set_id=8800005007', 'https://i.ebayimg.com/00/s/MTYwMFg2MjI=/z/4kcAAOSw0t5e5kO1/$_57.JPG?set_id=8800005007']",16231,Musical Instruments:Wind & Woodwind:Band & Orchestral:Saxophones,0,Active,PT1H1M56S,"BG S10ESH Elasticated Comfort Alto/Tenor Saxophone Sling, Snap Hook",GB,false,1000,New,,USD,28.96,"{'Country/Region of Manufacture': 'France', 'MPN': 'S10ESH', 'Brand': 'BG', 'UPC': '3700031221029', 'ConditionID': 'New', 'EAN': '3700031221029'}",BG,,,,,,,,,France,,,,,,,,,,
203021297049,2020-07-14T15:41:33.000Z,https://www.ebay.com/itm/BG-S10M-Comfort-Alto-Tenor-Saxophone-Sling-Metal-Hook-/203021297049,FixedPriceItem,"Kirkcaldy, Fife",https://thumbs2.ebaystatic.com/pict/2030212970498080_1.jpg,"['https://i.ebayimg.com/00/s/MTYwMFg2MDM=/z/-ywAAOSws9Ze5kUI/$_57.JPG?set_id=8800005007', 'https://i.ebayimg.com/00/s/MTYwMFg2MTA=/z/fWwAAOSw0o9e5kUM/$_57.JPG?set_id=8800005007']",16231,Musical Instruments:Wind & Woodwind:Band & Orchestral:Saxophones,0,Active,PT1H6M27S,"BG S10M Comfort Alto/Tenor Saxophone Sling, Metal Hook",GB,false,1000,New,,USD,28.96,"{'Country/Region of Manufacture': 'France', 'MPN': 'S10M', 'Brand': 'BG', 'UPC': '3700031221012', 'ConditionID': 'New', 'EAN': '3700031221012'}",BG,,,,,,,,,France,,,,,,,,,,
352971447647,2020-07-14T15:44:17.000Z,https://www.ebay.com/itm/Beaumont-BSCA-RT-Alto-Saxophone-Case-Racing-Tweed-/352971447647,FixedPriceItem,London,https://thumbs4.ebaystatic.com/pict/3529714476478080_1.jpg,"['https://i.ebayimg.com/00/s/NTAwWDk1NQ==/z/JUQAAOSw8hpeRsBD/$_3.PNG', 'https://i.ebayimg.com/00/s/MTQwNFg5MzY=/z/SY8AAOSwHP1eRsBF/$_3.PNG', 'https://i.ebayimg.com/00/s/NTAwWDI0OQ==/z/ADgAAOSw14ZeRsBG/$_12.PNG', 'https://i.ebayimg.com/00/s/Nzk0WDkyNw==/z/-QUAAOSwFwNeRsBH/$_3.PNG', 'https://i.ebayimg.com/00/s/ODk1WDU4OA==/z/1ocAAOSwWkteRsBJ/$_3.PNG', 'https://i.ebayimg.com/00/s/OTMwWDcxMQ==/z/H-UAAOSwN35eRsBK/$_3.PNG', 'https://i.ebayimg.com/00/s/MTM3N1g5MTg=/z/ll4AAOSwwD1eRsBM/$_3.PNG', 'https://i.ebayimg.com/00/s/MTQwNFg5MzY=/z/7i8AAOSw3EteRsBO/$_3.PNG', 'https://i.ebayimg.com/00/s/NjY3WDEwMDA=/z/7F4AAOSwWI1eRsBQ/$_3.PNG']",16231,Musical Instruments:Wind & Woodwind:Band & Orchestral:Saxophones,0,Active,PT1H9M10S,Beaumont BSCA-RT Alto Saxophone Case - Racing Tweed,GB,true,1000,New,true,USD,231.35,"{'Brand': 'Beaumont', 'Manufacturer': 'Beaumont', 'MPN': 'BSCA-RT', 'EAN': 'Does not apply', 'UPC': 'Does not apply', 'ISBN': 'Does not apply', 'Manufacturer Part Number': 'BSCA-RT'}",Beaumont,,,,,,,,,,,,,,,,,,,
203021299863,2020-07-14T15:45:57.000Z,https://www.ebay.com/itm/BG-S19M-Comfort-Alto-Tenor-Saxophone-Sling-Red-Metal-Hook-/203021299863,FixedPriceItem,"Kirkcaldy, Fife",https://thumbs4.ebaystatic.com/pict/2030212998638080_1.jpg,"['https://i.ebayimg.com/00/s/MTYwMFg2MjE=/z/oZ8AAOSwamZe5kXW/$_57.JPG?set_id=8800005007', 'https://i.ebayimg.com/00/s/MTYwMFg2MDU=/z/8SoAAOSwwQ1e5kXa/$_57.JPG?set_id=8800005007']",16231,Musical Instruments:Wind & Woodwind:Band & Orchestral:Saxophones,0,Active,PT1H10M49S,"BG S19M Comfort Alto/Tenor Saxophone Sling, Red, Metal Hook",GB,false,1000,New,,USD,30.22,"{'ConditionID': 'New', 'Country/Region of Manufacture': 'France', 'Body Finish': 'Red', 'MPN': 'S19M', 'Brand': 'BG', 'UPC': '3700031222026', 'EAN': '3700031222026'}",BG,,,Red,,,,,,France,,,,,,,,,,
254512375746,2020-07-14T15:49:30.000Z,https://www.ebay.com/itm/Champion-Hard-Board-Straight-Mute-Trumpet-Cornet-/254512375746,FixedPriceItem,UK,https://thumbs3.ebaystatic.com/pict/2545123757468080_5.jpg,"['https://i.ebayimg.com/00/s/MTMwMFg4NjU=/z/6PkAAOSwZ1Ze98dA/$_1.JPG?set_id=2', 'https://i.ebayimg.com/00/s/ODY1WDEzMDA=/z/UP8AAOSwv-Ze98dD/$_1.JPG?set_id=2']",16231,Musical Instruments:Wind & Woodwind:Band & Orchestral:Saxophones,0,Active,PT1H14M21S,Champion Hard Board Straight Mute - Trumpet / Cornet,GB,false,1000,New,,USD,16.04,"{'MPN': 'CHTM6', 'Brand': 'Champion', 'UPC': '5036678109351', 'ConditionID': 'New', 'EAN': '5036678109351'}",Champion,,,,,,,,,,,,,,,,,,,
372953068997,2020-07-14T15:49:32.000Z,https://www.ebay.com/itm/Champion-Straight-Mute-Piccolo-/372953068997,FixedPriceItem,UK,https://thumbs2.ebaystatic.com/pict/3729530689978080_6.jpg,"['https://i.ebayimg.com/00/s/MTMwMFg4NjU=/z/V20AAOSwQRhfDOTN/$_1.JPG?set_id=2', 'https://i.ebayimg.com/00/s/ODY1WDEzMDA=/z/i1MAAOSw29NfDZtp/$_1.JPG?set_id=2']",16231,Musical Instruments:Wind & Woodwind:Band & Orchestral:Saxophones,0,Active,PT1H14M22S,Champion Straight Mute - Piccolo,GB,false,1000,New,,USD,16.04,"{'MPN': 'CHTM1', 'Brand': 'Champion', 'UPC': '5036678109320', 'ConditionID': 'New', 'EAN': '5036678109320'}",Champion,,,,,,,,,,,,,,,,,,,
372953069116,2020-07-14T15:49:54.000Z,https://www.ebay.com/itm/Champion-Practice-Mute-Trombone-/372953069116,FixedPriceItem,UK,https://thumbs1.ebaystatic.com/pict/3729530691168080_5.jpg,"['https://i.ebayimg.com/00/s/MTMwMFg4NjU=/z/1CAAAOSw1hNe739a/$_1.JPG?set_id=2', 'https://i.ebayimg.com/00/s/ODY1WDEzMDA=/z/hHYAAOSwXQRe5M1J/$_1.JPG?set_id=2']",16231,Musical Instruments:Wind & Woodwind:Band & Orchestral:Saxophones,0,Active,PT1H14M43S,Champion Practice Mute - Trombone,GB,false,1000,New,,USD,31.37,"{'MPN': 'CHTBM3X', 'Brand': 'Champion', 'UPC': '5036678109399', 'ConditionID': 'New', 'EAN': '5036678109399'}",Champion,,,,,,,,,,,,,,,,,,,
333644656345,2020-07-14T16:35:03.000Z,https://www.ebay.com/itm/VINTAGE-ADOLPHE-SAXE-TENOR-SAXOPHONE-LATE-1920s-/333644656345,Chinese,London,https://thumbs2.ebaystatic.com/pict/3336446563458080_1.jpg,"['https://i.ebayimg.com/00/s/MTYwMFg5MDA=/z/IBYAAOSw--NesD~r/$_57.JPG?set_id=8800005007', 'https://i.ebayimg.com/00/s/MTYwMFg5MDA=/z/JxoAAOSwrBResD~w/$_57.JPG?set_id=8800005007', 'https://i.ebayimg.com/00/s/MTYwMFg5MDA=/z/Jl0AAOSwW21esD~1/$_57.JPG?set_id=8800005007', 'https://i.ebayimg.com/00/s/OTAwWDE2MDA=/z/OqsAAOSwWdResD~8/$_57.JPG?set_id=8800005007', 'https://i.ebayimg.com/00/s/OTAwWDE2MDA=/z/DmkAAOSw~K5esEAC/$_57.JPG?set_id=8800005007', 'https://i.ebayimg.com/00/s/OTAwWDE2MDA=/z/gm8AAOSw6npesEAH/$_57.JPG?set_id=8800005007', 'https://i.ebayimg.com/00/s/OTAwWDE2MDA=/z/tV0AAOSwFiZesEAM/$_57.JPG?set_id=8800005007', 'https://i.ebayimg.com/00/s/MTYwMFg5MDA=/z/Bv4AAOSw86desEAT/$_57.JPG?set_id=8800005007', 'https://i.ebayimg.com/00/s/MTYwMFg5MDA=/z/5bAAAOSwNZNesEAZ/$_57.JPG?set_id=8800005007', 'https://i.ebayimg.com/00/s/MTYwMFg5MDA=/z/mAYAAOSwLg1esEAf/$_57.JPG?set_id=8800005007', 'https://i.ebayimg.com/00/s/MTYwMFg5MDA=/z/nNIAAOSwEIdesEAj/$_57.JPG?set_id=8800005007', 'https://i.ebayimg.com/00/s/OTAwWDE2MDA=/z/gu4AAOSwweZesEAo/$_57.JPG?set_id=8800005007']",16231,Musical Instruments:Wind & Woodwind:Band & Orchestral:Saxophones,0,Active,PT1H59M51S,VINTAGE ADOLPHE SAXE TENOR SAXOPHONE - LATE 1920s,GB,false,3000,Used,,USD,1514.1,"{'Modified Item': 'No', 'Country/Region of Manufacture': 'France', 'MPN': 'Does Not Apply', 'Body Finish': 'Gold Lacquer', 'Key Finish': 'It has been re-lacquered at some time and the lacq', 'Body Material': 'Yellow Brass', 'Brand': 'Adolphe Saxe', 'Skill Level': 'Will suit any player', 'Type': 'Tenor', 'EAN': 'Does not apply'}",Adolphe Saxe,Tenor,Will suit any player,Gold Lacquer,Yellow Brass,It has been re-lacquered at some time and the lacq,,No,,France,"This saxophone is in very good overall condition for its age. It probably dates from the period 1922–1925, not long before the acquisition by Selmer of the Adolphe Saxe workshop in 1929. It appears to be low-pitched and is the same size as a modern tenor saxophone, with an auxiliary top F key.. It has been re-lacquered at some time and the lacquer remains good.The bell would benefit from roller attention but this is not strictly necessary. There are some white marks at the base of the bell, probably from a saxophone stand. There are a few minor dents which a repairer could blow out and it would benefit from being re-padded. It has no case.",,,,,,,,,
224071474290,2020-07-14T16:49:57.000Z,https://www.ebay.com/itm/Goldstar-Bamboo-Saxophone-Sax-Jamaican-Mento-FOLK-Music-/224071474290,Chinese,Brighton,https://thumbs3.ebaystatic.com/pict/2240714742908080_1.jpg,"['https://i.ebayimg.com/00/s/MTYwMFgxMjAw/z/e~AAAOSwtG1fBKai/$_12.JPG?set_id=880000500F', 'https://i.ebayimg.com/00/s/MTYwMFgxMjAw/z/N3MAAOSwFOpfBKam/$_12.JPG?set_id=880000500F', 'https://i.ebayimg.com/00/s/MTYwMFgxMjAw/z/6BIAAOSw2SxfBKap/$_12.JPG?set_id=880000500F', 'https://i.ebayimg.com/00/s/MTIwMFgxNjAw/z/kSIAAOSw0aVfBKat/$_12.JPG?set_id=880000500F', 'https://i.ebayimg.com/00/s/MTIwMFgxNjAw/z/124AAOSwqhtfBKaw/$_12.JPG?set_id=880000500F', 'https://i.ebayimg.com/00/s/MTIwMFgxNjAw/z/gCcAAOSwiQRfBKba/$_12.JPG?set_id=880000500F']",16231,Musical Instruments:Wind & Woodwind:Band & Orchestral:Saxophones,1,Active,PT2H14M44S,Goldstar Bamboo Saxophone Sax Jamaican Mento FOLK Music,GB,false,1500,Opened – never used,true,USD,1.25,,,,,,,,,,,,,Brand,Goldstar,,,,,,,
310200807505,2020-07-14T17:04:15.000Z,https://www.ebay.com/itm/Saxophone-Clarinet-Flute-Leak-Light-Tester-Repair-Pads-Maintenance-Tool-Unit-/310200807505,FixedPriceItem,"Norwich, Norfolk",https://thumbs2.ebaystatic.com/pict/3102008075058080_3.jpg,['https://i.ebayimg.com/00/s/NTAwWDM3NQ==/z/dlQAAMXQiw5RYrHB/$_0.JPG?set_id=8800005007'],16231,Musical Instruments:Wind & Woodwind:Band & Orchestral:Saxophones,0,Active,PT2H29M1S,Saxophone Clarinet Flute Leak Light Tester Repair Pads Maintenance Tool Unit,GB,false,1000,New,,USD,50.46,"{'Brand': 'JOHN BILHAM MUSIC LTD.', 'MPN': 'Does Not Apply', 'Instrument': 'Saxophone/Woodwind Leak Light Tester Unit', 'EAN': 'Does not apply'}",JOHN BILHAM MUSIC LTD.,,,,,,,,,,,,,MoreThan,10,,,,,
203021380110,2020-07-14T17:25:43.000Z,https://www.ebay.com/itm/BG-S03M-Alto-Tenor-Baritone-Saxophone-XL-Shoulder-Strap-Metal-Hook-/203021380110,FixedPriceItem,"Kirkcaldy, Fife",https://thumbs3.ebaystatic.com/pict/2030213801108080_1.jpg,"['https://i.ebayimg.com/00/s/MTYwMFg2MzM=/z/xScAAOSwVHle5l0n/$_57.JPG?set_id=8800005007', 'https://i.ebayimg.com/00/s/MTYwMFg2NDc=/z/3iIAAOSwThFe5l0r/$_57.JPG?set_id=8800005007']",16231,Musical Instruments:Wind & Woodwind:Band & Orchestral:Saxophones,0,Active,PT2H50M29S,"BG S03M Alto/Tenor/Baritone Saxophone XL Shoulder Strap, Metal Hook",GB,false,1000,New,,USD,39.05,"{'ConditionID': 'New', 'Country/Region of Manufacture': 'France', 'MPN': 'S03M', 'Brand': 'BG', 'EAN': '3700031220312'}",BG,,,,,,,,,France,,,,,,,,,,
153998339711,2020-07-14T17:46:15.000Z,https://www.ebay.com/itm/LOVELY-ENGRAVED-SOPRANO-SAXOPHONE-SLADE-CASE-WOW-/153998339711,Chinese,Norwich,https://thumbs4.ebaystatic.com/pict/1539983397118080_1.jpg,"['https://i.ebayimg.com/00/s/MTYwMFgxMjAw/z/zTEAAOSwov5fBFNv/$_12.JPG?set_id=880000500F', 'https://i.ebayimg.com/00/s/MTIwMFgxNjAw/z/kG0AAOSwtEBfBFN0/$_12.JPG?set_id=880000500F', 'https://i.ebayimg.com/00/s/MTYwMFgxMjAw/z/xRsAAOSwzbxfBFN4/$_12.JPG?set_id=880000500F', 'https://i.ebayimg.com/00/s/MTYwMFgxMjAw/z/6AkAAOSwEZdfBFN8/$_12.JPG?set_id=880000500F', 'https://i.ebayimg.com/00/s/MTYwMFgxMjAw/z/B-YAAOSwMMlfBFN~/$_12.JPG?set_id=880000500F', 'https://i.ebayimg.com/00/s/MTYwMFgxMjAw/z/bpUAAOSwjPJfBFOD/$_12.JPG?set_id=880000500F', 'https://i.ebayimg.com/00/s/MTYwMFgxMjAw/z/rqwAAOSwDzlfBFOH/$_12.JPG?set_id=880000500F', 'https://i.ebayimg.com/00/s/MTYwMFgxMjAw/z/x9UAAOSwVQxfBFOK/$_12.JPG?set_id=880000500F', 'https://i.ebayimg.com/00/s/MTYwMFgxMjAw/z/QR8AAOSwknlfBFOM/$_12.JPG?set_id=880000500F', 'https://i.ebayimg.com/00/s/MTYwMFgxMjAw/z/ZXcAAOSw3O1fBFOP/$_12.JPG?set_id=880000500F', 'https://i.ebayimg.com/00/s/MTYwMFgxMjAw/z/CE8AAOSwO2xfBFOR/$_12.JPG?set_id=880000500F', 'https://i.ebayimg.com/00/s/MTYwMFgxMjAw/z/vqgAAOSwv2tfBFOb/$_12.JPG?set_id=880000500F']",16231,Musical Instruments:Wind & Woodwind:Band & Orchestral:Saxophones,6,Active,PT3H11M,LOVELY ENGRAVED SOPRANO SAXOPHONE BY SLADE IN CASE #WOW#,GB,false,3000,Used,true,USD,136.27,"{'Body Material': 'Brass', 'Brand': 'SLADE', 'Type': 'Soprano', 'MPN': 'Does Not Apply', 'EAN': 'Does not apply'}",SLADE,Soprano,,,Brass,,,,,,,,,,,,,,,
183774412871,2020-07-14T17:47:51.000Z,https://www.ebay.com/itm/Jupiter-JAS-769-767-Alto-Saxophone-Eb-/183774412871,FixedPriceItem,Harrogate,https://thumbs4.ebaystatic.com/pict/1837744128718080_1.jpg,"['https://i.ebayimg.com/00/s/OTAwWDE2MDA=/z/Bb4AAOSwoURcTeH6/$_32.JPG?set_id=880000500F', 'https://i.ebayimg.com/00/s/OTAwWDE2MDA=/z/XuoAAOSwviBcTeIR/$_32.JPG?set_id=880000500F', 'https://i.ebayimg.com/00/s/OTAwWDE2MDA=/z/f0oAAOSw55FcTeIj/$_32.JPG?set_id=880000500F', 'https://i.ebayimg.com/00/s/MTYwMFg5MDA=/z/wowAAOSw1T1cTeJR/$_32.JPG?set_id=880000500F', 'https://i.ebayimg.com/00/s/MTYwMFg5MDA=/z/6KsAAOSwO-pcTeJn/$_32.JPG?set_id=880000500F', 'https://i.ebayimg.com/00/s/MTYwMFg5MDA=/z/PywAAOSwxDJcTeKC/$_32.JPG?set_id=880000500F', 'https://i.ebayimg.com/00/s/OTAwWDE2MDA=/z/U~YAAOSwLNxcTeKY/$_32.JPG?set_id=880000500F', 'https://i.ebayimg.com/00/s/OTAwWDE2MDA=/z/V50AAOSw1XNcTeK6/$_32.JPG?set_id=880000500F', 'https://i.ebayimg.com/00/s/MTYwMFg5MDA=/z/rnEAAOSws6dcTeLN/$_32.JPG?set_id=880000500F', 'https://i.ebayimg.com/00/s/MTYwMFg5MDA=/z/Ec0AAOSwsaVcTeLk/$_32.JPG?set_id=880000500F', 'https://i.ebayimg.com/00/s/OTAwWDE2MDA=/z/zHQAAOSwNepcTeMJ/$_32.JPG?set_id=880000500F', 'https://i.ebayimg.com/00/s/MTYwMFg5MDA=/z/HyAAAOSw66JcTeMX/$_32.JPG?set_id=880000500F']",16231,Musical Instruments:Wind & Woodwind:Band & Orchestral:Saxophones,0,Active,PT3H12M35S,Jupiter JAS 769-767 Alto Saxophone Eb,GB,false,3000,Used,true,USD,757.05,"{'Modified Item': 'No', 'Country/Region of Manufacture': 'United Kingdom', 'Type': 'Alto', 'Key Finish': 'Brass', 'Body Material': 'Yellow Brass', 'Brand': 'Jupiter', 'Skill Level': 'Beginner'}",Jupiter,Alto,Beginner,,Yellow Brass,Brass,,No,,United Kingdom,,,,,,,,,,
203021400832,2020-07-14T17:48:38.000Z,https://www.ebay.com/itm/BG-S40MSH-Alto-Tenor-Baritone-Saxophone-Harness-Metal-Snap-Hook-/203021400832,FixedPriceItem,"Kirkcaldy, Fife",https://thumbs1.ebaystatic.com/pict/2030214008328080_1.jpg,"['https://i.ebayimg.com/00/s/MTYwMFg2NjE=/z/xVcAAOSwZtpe5mKy/$_57.JPG?set_id=8800005007', 'https://i.ebayimg.com/00/s/MTYwMFg2Mjg=/z/7RUAAOSwyVZe5mK1/$_57.JPG?set_id=8800005007']",16231,Musical Instruments:Wind & Woodwind:Band & Orchestral:Saxophones,0,Active,PT3H13M21S,"BG S40MSH Alto/Tenor/Baritone Saxophone Harness, Metal Snap Hook",GB,false,1000,New,,USD,44.1,"{'Country/Region of Manufacture': 'France', 'MPN': 'S40MSH', 'Brand': 'BG', 'ConditionID': 'New', 'EAN': '3700031224037'}",BG,,,,,,,,,France,,,,,,,,,,
203021401651,2020-07-14T17:49:52.000Z,https://www.ebay.com/itm/BG-S40M-Alto-Tenor-Baritone-Saxophone-Harness-Metal-Hook-/203021401651,FixedPriceItem,"Kirkcaldy, Fife",https://thumbs4.ebaystatic.com/pict/2030214016518080_1.jpg,"['https://i.ebayimg.com/00/s/MTYwMFg2MTY=/z/jHEAAOSwFIVe5mMr/$_57.JPG?set_id=8800005007', 'https://i.ebayimg.com/00/s/MTYwMFg2Mzc=/z/Mn0AAOSwwvZe5mMt/$_57.JPG?set_id=8800005007']",16231,Musical Instruments:Wind & Woodwind:Band & Orchestral:Saxophones,0,Active,PT3H14M34S,"BG S40M Alto/Tenor/Baritone Saxophone Harness, Metal Hook",GB,false,1000,New,,USD,44.1,"{'Country/Region of Manufacture': 'France', 'MPN': 'S40M', 'Brand': 'BG', 'ConditionID': 'New', 'EAN': '3700031224013'}",BG,,,,,,,,,France,,,,,,,,,,
203021404955,2020-07-14T17:53:03.000Z,https://www.ebay.com/itm/BG-S40SH-Alto-Tenor-Baritone-Saxophone-Harness-Snap-Hook-/203021404955,FixedPriceItem,"Kirkcaldy, Fife",https://thumbs4.ebaystatic.com/pict/2030214049558080_1.jpg,"['https://i.ebayimg.com/00/s/MTYwMFg2Mjk=/z/pRYAAOSwZEde5mOp/$_57.JPG?set_id=8800005007', 'https://i.ebayimg.com/00/s/MTYwMFg2NTQ=/z/pegAAOSwmIJe5mOs/$_57.JPG?set_id=8800005007']",16231,Musical Instruments:Wind & Woodwind:Band & Orchestral:Saxophones,0,Active,PT3H17M44S,"BG S40SH Alto/Tenor/Baritone Saxophone Harness, Snap Hook",GB,false,1000,New,,USD,44.1,"{'Country/Region of Manufacture': 'France', 'MPN': 'S40SH', 'Brand': 'BG', 'ConditionID': 'New', 'EAN': '3700031224006'}",BG,,,,,,,,,France,,,,,,,,,,
203021415638,2020-07-14T18:06:16.000Z,https://www.ebay.com/itm/BG-S50SH-Alto-Tenor-Saxophone-Yoke-Brace-Snap-Hook-/203021415638,FixedPriceItem,"Kirkcaldy, Fife",https://thumbs3.ebaystatic.com/pict/2030214156388080_1.jpg,"['https://i.ebayimg.com/00/s/MTYwMFg2MzI=/z/RZYAAOSwcble5mae/$_57.JPG?set_id=8800005007', 'https://i.ebayimg.com/00/s/MTYwMFg2Mjg=/z/D~IAAOSw0rVe5mah/$_57.JPG?set_id=8800005007']",16231,Musical Instruments:Wind & Woodwind:Band & Orchestral:Saxophones,0,Active,PT3H30M57S,"BG S50SH Alto/Tenor Saxophone Yoke Brace, Snap Hook",GB,false,1000,New,,USD,71.86,"{'Country/Region of Manufacture': 'France', 'MPN': 'S50SH', 'Brand': 'BG', 'ConditionID': 'New', 'EAN': '3700031225003'}",BG,,,,,,,,,France,,,,,,,,,,
392865471814,2020-07-14T18:10:42.000Z,https://www.ebay.com/itm/Maui-Xaphoon-Pocket-Sax-Practise-Saxophone-/392865471814,Chinese,Bromley,https://thumbs3.ebaystatic.com/pict/3928654718148080_1.jpg,"['https://i.ebayimg.com/00/s/MTIwMFgxNjAw/z/fygAAOSwAX9e6Qj1/$_12.JPG?set_id=880000500F', 'https://i.ebayimg.com/00/s/MTIwMFgxNjAw/z/Z6cAAOSwaL5e6Qjo/$_12.JPG?set_id=880000500F', 'https://i.ebayimg.com/00/s/MTIwMFgxNjAw/z/2n8AAOSwalde6Qjx/$_12.JPG?set_id=880000500F']",16231,Musical Instruments:Wind & Woodwind:Band & Orchestral:Saxophones,0,Active,PT3H35M22S,Maui Xaphoon Pocket Sax Practise Saxophone,GB,false,3000,Used,,USD,75.71,"{'Brand': 'Maui', 'Model': 'Xaphoon', 'EAN': 'Does not apply', 'Type': 'Alto', 'MPN': 'XAPH', 'UPC': '094922105882'}",Maui,Alto,,,,,,,,,,,,,,,,,,
264788478758,2020-07-14T18:38:29.000Z,https://www.ebay.com/itm/1-12th-dolls-house-SELECTION-MUSICAL-INSTRUMENTS-AND-STAND-/264788478758,Chinese,"blackpool, Lancashire",https://thumbs3.ebaystatic.com/pict/2647884787588080_1.jpg,"['https://i.ebayimg.com/00/s/MTIwMFgxNjAw/z/adkAAOSwMf5fBMDq/$_57.JPG?set_id=8800005007', 'https://i.ebayimg.com/00/s/MTIwMFgxNjAw/z/2uQAAOSwZwdfBMDu/$_57.JPG?set_id=8800005007', 'https://i.ebayimg.com/00/s/MTIwMFgxNjAw/z/kOcAAOSwNU9fBMET/$_57.JPG?set_id=8800005007', 'https://i.ebayimg.com/00/s/MTIwMFgxNjAw/z/ASUAAOSwxfxfBMEW/$_57.JPG?set_id=8800005007']",16231,Musical Instruments:Wind & Woodwind:Band & Orchestral:Saxophones,1,Active,PT4H3M8S,1/12th dolls house  SELECTION OF   MUSICAL INSTRUMENTS  AND STAND,GB,false,3000,Used,true,USD,12.62,,,,,,,,,,,,,,,,,,,,,
143501752169,2020-07-14T18:52:25.000Z,https://www.ebay.com/itm/Selmer-Super-Action-80-series-1-1984-tenor-Saxophone-/143501752169,FixedPriceItem,Corby,https://thumbs2.ebaystatic.com/pict/1435017521698080_1.jpg,"['https://i.ebayimg.com/00/s/MTIwMFgxNjAw/z/LbIAAOSwNw1eHgvt/$_12.JPG?set_id=880000500F', 'https://i.ebayimg.com/00/s/MTYwMFgxMjAw/z/QwkAAOSw849eHgvv/$_12.JPG?set_id=880000500F', 'https://i.ebayimg.com/00/s/MTYwMFgxMjAw/z/wkwAAOSwJJxeHgvx/$_12.JPG?set_id=880000500F', 'https://i.ebayimg.com/00/s/MTIwMFgxNjAw/z/HlQAAOSwz5peHgvz/$_12.JPG?set_id=880000500F', 'https://i.ebayimg.com/00/s/MTYwMFgxMjAw/z/UIgAAOSwTvNeHgv1/$_12.JPG?set_id=880000500F', 'https://i.ebayimg.com/00/s/MTYwMFgxMjAw/z/8asAAOSwpJJeHgv3/$_12.JPG?set_id=880000500F', 'https://i.ebayimg.com/00/s/MTIwMFgxNjAw/z/d1QAAOSwHfxeHgv4/$_12.JPG?set_id=880000500F', 'https://i.ebayimg.com/00/s/MTYwMFgxMjAw/z/oUYAAOSwlyBeHgv6/$_12.JPG?set_id=880000500F', 'https://i.ebayimg.com/00/s/MTYwMFgxMjAw/z/QWUAAOSweoReHgv8/$_12.JPG?set_id=880000500F', 'https://i.ebayimg.com/00/s/MTYwMFgxMjAw/z/wiYAAOSwctxeHgv-/$_12.JPG?set_id=880000500F', 'https://i.ebayimg.com/00/s/MTYwMFgxMjAw/z/I~wAAOSwvMBeHgwA/$_12.JPG?set_id=880000500F']",16231,Musical Instruments:Wind & Woodwind:Band & Orchestral:Saxophones,0,Active,PT4H17M3S,Selmer Super Action 80 (series 1) 1984 tenor Saxophone,GB,false,3000,Used,,USD,2523.5,"{'Brand': 'Selmer', 'Type': 'Tenor'}",Selmer,Tenor,,,,,,,,,,,,,,,,,,
203021468009,2020-07-14T19:08:27.000Z,https://www.ebay.com/itm/BG-S10SH-Comfort-Alto-Tenor-Saxophone-Sling-Snap-Hook-/203021468009,FixedPriceItem,"Kirkcaldy, Fife",https://thumbs2.ebaystatic.com/pict/2030214680098080_1.jpg,"['https://i.ebayimg.com/00/s/MTYwMFg2MjM=/z/ojIAAOSwA1Ve5nWN/$_57.JPG?set_id=8800005007', 'https://i.ebayimg.com/00/s/MTYwMFg2NDM=/z/s0MAAOSwlEZe5nWR/$_57.JPG?set_id=8800005007']",16231,Musical Instruments:Wind & Woodwind:Band & Orchestral:Saxophones,0,Active,PT4H33M4S,"BG S10SH Comfort Alto/Tenor Saxophone Sling, Snap Hook",GB,false,1000,New,,USD,28.96,"{'Country/Region of Manufacture': 'France', 'MPN': 'S10SH', 'Brand': 'BG', 'ConditionID': 'New', 'EAN': '3700031221005'}",BG,,,,,,,,,France,,,,,,,,,,
203021470292,2020-07-14T19:10:38.000Z,https://www.ebay.com/itm/BG-S12SH-Comfort-Alto-Tenor-Saxophone-Sling-Snap-Hook-/203021470292,FixedPriceItem,"Kirkcaldy, Fife",https://thumbs1.ebaystatic.com/pict/2030214702928080_1.jpg,"['https://i.ebayimg.com/00/s/MTYwMFg2MjI=/z/-DkAAOSwB0he5nX4/$_57.JPG?set_id=8800005007', 'https://i.ebayimg.com/00/s/MTYwMFg2NDg=/z/HQwAAOSwQJ9e5nX8/$_57.JPG?set_id=8800005007']",16231,Musical Instruments:Wind & Woodwind:Band & Orchestral:Saxophones,0,Active,PT4H35M14S,"BG S12SH Comfort Alto/Tenor Saxophone Sling, Snap Hook",GB,false,1000,New,,USD,28.96,"{'Country/Region of Manufacture': 'France', 'MPN': 'S12SH', 'Brand': 'BG', 'ConditionID': 'New', 'EAN': '3700031221203'}",BG,,,,,,,,,France,,,,,,,,,,
203021475410,2020-07-14T19:17:36.000Z,https://www.ebay.com/itm/BG-S70M-Alto-Tenor-Saxophone-Yoke-Strap-Metal-Hook-/203021475410,FixedPriceItem,"Kirkcaldy, Fife",https://thumbs3.ebaystatic.com/pict/2030214754108080_1.jpg,"['https://i.ebayimg.com/00/s/MTYwMFg2MzY=/z/2MgAAOSwgMxe5ndG/$_57.JPG?set_id=8800005007', 'https://i.ebayimg.com/00/s/MTYwMFg2Mzc=/z/XsEAAOSw6lVe5ndK/$_57.JPG?set_id=8800005007']",16231,Musical Instruments:Wind & Woodwind:Band & Orchestral:Saxophones,0,Active,PT4H42M11S,"BG S70M Alto/Tenor Saxophone Yoke Strap, Metal Hook",GB,false,1000,New,,USD,63.02,"{'Country/Region of Manufacture': 'France', 'MPN': 'S70M', 'Brand': 'BG', 'ConditionID': 'New', 'EAN': '3700031227014'}",BG,,,,,,,,,France,,,,,,,,,,
203021479506,2020-07-14T19:23:32.000Z,https://www.ebay.com/itm/BG-S43CSH-Alto-Tenor-Saxophone-Comfort-Harness-Snap-Hook-/203021479506,FixedPriceItem,"Kirkcaldy, Fife",https://thumbs3.ebaystatic.com/pict/2030214795068080_1.jpg,"['https://i.ebayimg.com/00/s/MTYwMFg2MTg=/z/IIcAAOSw0rVe5njq/$_57.JPG?set_id=8800005007', 'https://i.ebayimg.com/00/s/MTYwMFg2NDU=/z/QXsAAOSww8de5njv/$_57.JPG?set_id=8800005007']",16231,Musical Instruments:Wind & Woodwind:Band & Orchestral:Saxophones,0,Active,PT4H48M6S,"BG S43CSH Alto/Tenor Saxophone Comfort Harness, Snap Hook",GB,false,1000,New,,USD,59.24,"{'Country/Region of Manufacture': 'France', 'MPN': 'S43CSH', 'Brand': 'BG', 'ConditionID': 'New', 'EAN': '3700031225218'}",BG,,,,,,,,,France,,,,,,,,,,
254646972150,2020-07-14T19:51:18.000Z,https://www.ebay.com/itm/Ammoon-BFlat-Soprano-Saxophone-Includes-2-Brand-New-Books-and-accessories-/254646972150,Chinese,Normanton,https://thumbs3.ebaystatic.com/pict/2546469721508080_1.jpg,"['https://i.ebayimg.com/00/s/MTIwMFgxNjAw/z/-KUAAOSwgc5fBNDC/$_12.JPG?set_id=880000500F', 'https://i.ebayimg.com/00/s/MTYwMFgxMjAw/z/GcUAAOSwhuRfBNDE/$_12.JPG?set_id=880000500F', 'https://i.ebayimg.com/00/s/MTIwMFgxNjAw/z/V~UAAOSw9qRfBNDH/$_12.JPG?set_id=880000500F', 'https://i.ebayimg.com/00/s/MTYwMFgxMjAw/z/suAAAOSwWzxfBNDK/$_12.JPG?set_id=880000500F', 'https://i.ebayimg.com/00/s/MTYwMFgxMjAw/z/SqQAAOSwCNNfBNDM/$_12.JPG?set_id=880000500F', 'https://i.ebayimg.com/00/s/MTQzOVgxMDgw/z/2zMAAOSwcn9fBNDO/$_12.JPG?set_id=880000500F', 'https://i.ebayimg.com/00/s/MTM4MFgxMDgw/z/D~YAAOSwNmdfBNDP/$_12.JPG?set_id=880000500F', 'https://i.ebayimg.com/00/s/MTU5OVgxMDY1/z/hp0AAOSwalxfBNDR/$_12.JPG?set_id=880000500F', 'https://i.ebayimg.com/00/s/OTIwWDcyMA==/z/AqcAAOSwkylfBNGv/$_12.JPG?set_id=880000500F']",16231,Musical Instruments:Wind & Woodwind:Band & Orchestral:Saxophones,0,Active,PT5H15M51S,⭐Ammoon BFlat Soprano Saxophone⭐ Includes 2 Brand New Books and accessories,GB,false,1500,Opened – never used,,USD,189.26,,,,,,,,,,,,,Type,Soprano,,,,,,,
254199971159,2020-07-14T19:55:05.000Z,https://www.ebay.com/itm/Winter-Green-Line-Shaped-Alto-Saxophone-Case-Pink-Wave-/254199971159,FixedPriceItem,UK,https://thumbs4.ebaystatic.com/pict/2541999711598080_4.jpg,['https://i.ebayimg.com/00/s/OTAwWDkwMA==/z/FIkAAOSwyVZe5pGh/$_1.JPG?set_id=2'],16231,Musical Instruments:Wind & Woodwind:Band & Orchestral:Saxophones,0,Active,PT5H19M37S,Winter Green Line Shaped Alto Saxophone Case - Pink Wave,GB,false,1000,New,,USD,145.01,"{'MPN': 'JW51092 PI Wave', 'Brand': 'Winter', 'UPC': '692080014505', 'ConditionID': 'New', 'EAN': '692080014505'}",Winter,,,,,,,,,,,,,,,,,,,
363039804133,2020-07-14T20:04:23.000Z,https://www.ebay.com/itm/Selmer-S80-C-Soprano-Saxophone-Excellent-Condition-Jazz-Sax-Clarinet-/363039804133,Chinese,Epsom,https://thumbs2.ebaystatic.com/pict/3630398041338080_1.jpg,"['https://i.ebayimg.com/00/s/MTYwMFgxMjAw/z/IRAAAOSwUD5e2Urw/$_12.JPG?set_id=880000500F', 'https://i.ebayimg.com/00/s/MTYwMFgxMjAw/z/sogAAOSwwSpe2Urx/$_12.JPG?set_id=880000500F', 'https://i.ebayimg.com/00/s/MTIwMFgxNjAw/z/6s8AAOSwcFJe2Urz/$_12.JPG?set_id=880000500F']",16231,Musical Instruments:Wind & Woodwind:Band & Orchestral:Saxophones,0,Active,PT5H28M54S,Selmer S80 C* Soprano Saxophone Excellent Condition Jazz Sax Clarinet,GB,false,3000,Used,,USD,112.3,"{'Brand': 'Selmer', 'Type': 'Soprano', 'Skill Level': 'Professional'}",Selmer,Soprano,Professional,,,,,,,,,,,,,,,,,
293642469331,2020-07-14T20:56:53.000Z,https://www.ebay.com/itm/Conn-New-Wonder-2-Chu-Berry-silver-plated-alto-saxophone-1928-/293642469331,Chinese,London,https://thumbs4.ebaystatic.com/pict/2936424693318080_1.jpg,"['https://i.ebayimg.com/00/s/MTEyOVgxNDQz/z/2pAAAOSwDvJe81Uq/$_57.JPG?set_id=8800005007', 'https://i.ebayimg.com/00/s/MTYwMFgxMjAw/z/4ZgAAOSwbNte62Gx/$_57.JPG?set_id=8800005007', 'https://i.ebayimg.com/00/s/MTYwMFgxMjAw/z/mc8AAOSw1T1e62H0/$_57.JPG?set_id=8800005007', 'https://i.ebayimg.com/00/s/MTIwMFgxNjAw/z/CscAAOSwKiRe62G3/$_57.JPG?set_id=8800005007', 'https://i.ebayimg.com/00/s/MTIwMFgxNjAw/z/tUwAAOSweh5e62G7/$_57.JPG?set_id=8800005007', 'https://i.ebayimg.com/00/s/MTIwMFgxNjAw/z/T2gAAOSw-2xe62G-/$_57.JPG?set_id=8800005007', 'https://i.ebayimg.com/00/s/MTIwMFgxNjAw/z/slkAAOSwjgFe62HB/$_57.JPG?set_id=8800005007', 'https://i.ebayimg.com/00/s/MTYwMFgxMjAw/z/2dcAAOSwAQxe62Ib/$_57.JPG?set_id=8800005007', 'https://i.ebayimg.com/00/s/MTIwMFgxNjAw/z/OOUAAOSw27Ze62In/$_57.JPG?set_id=8800005007', 'https://i.ebayimg.com/00/s/MTIwMFgxNjAw/z/i-gAAOSwpSpe62Iy/$_57.JPG?set_id=8800005007', 'https://i.ebayimg.com/00/s/MTIwMFgxNjAw/z/PgwAAOSwb3Ve81T9/$_57.JPG?set_id=8800005007', 'https://i.ebayimg.com/00/s/MTIwMFgxNjAw/z/K34AAOSw0t5e81UB/$_57.JPG?set_id=8800005007']",16231,Musical Instruments:Wind & Woodwind:Band & Orchestral:Saxophones,0,Active,PT6H21M23S,Conn New Wonder 2 'Chu Berry' silver plated alto saxophone 1928,GB,false,3000,Used,,USD,1892.63,"{'Type': 'Alto', 'Brand': 'Conn'}",Conn,Alto,,,,,,,,,,,,,,,,,,
224045710507,2020-07-14T22:25:07.000Z,https://www.ebay.com/itm/B-G-BLACK-A21-THUMB-REST-1-PIECE-STANDARD-Clarinet-Oboe-/224045710507,FixedPriceItem,London,https://thumbs4.ebaystatic.com/pict/2240457105078080_2.jpg,"['https://i.ebayimg.com/00/s/MTIwMFgxMTQ0/z/zeQAAOSwZbde-kJZ/$_12.PNG?set_id=880000500F', 'https://i.ebayimg.com/00/s/MTAzNlgxMDA0/z/rlUAAOSw5VVe-kJZ/$_12.PNG?set_id=880000500F', 'https://i.ebayimg.com/00/s/MTIwMFg3NDg=/z/noAAAOSwlRZe-kJZ/$_12.PNG?set_id=880000500F', 'https://i.ebayimg.com/00/s/MTIwMFgxMTQ0/z/HcEAAOSw0t5e-kJZ/$_12.PNG?set_id=880000500F', 'https://i.ebayimg.com/00/s/MTIwMFgxMTQ0/z/u~oAAOSwKVhe-kJa/$_12.PNG?set_id=880000500F', 'https://i.ebayimg.com/00/s/MTIwMFgxMTQ0/z/JaUAAOSwk-Ne-kJZ/$_12.PNG?set_id=880000500F', 'https://i.ebayimg.com/00/s/MTIwMFgxMTQ0/z/lv8AAOSwZ2Re-kJa/$_12.PNG?set_id=880000500F', 'https://i.ebayimg.com/00/s/MTIwMFgxMTQ0/z/HEEAAOSwK2Je-kJZ/$_12.PNG?set_id=880000500F', 'https://i.ebayimg.com/00/s/MTIwMFgxMTQ0/z/tgAAAOSwsPRe-kJZ/$_12.PNG?set_id=880000500F', 'https://i.ebayimg.com/00/s/MTIwMFgxMTQ0/z/0zEAAOSwb~Ve-kJa/$_12.PNG?set_id=880000500F', 'https://i.ebayimg.com/00/s/MTIwMFgxMTQ0/z/TM8AAOSwZtpe-kJZ/$_12.PNG?set_id=880000500F', 'https://i.ebayimg.com/00/s/MTIwMFgxMTQ0/z/VSAAAOSwN5Ve-kJZ/$_12.PNG?set_id=880000500F']",16231,Musical Instruments:Wind & Woodwind:Band & Orchestral:Saxophones,0,Active,PT7H49M36S,B&G BLACK A21 THUMB REST 1 PIECE STANDARD for Clarinet/Oboe,GB,true,1000,New,true,USD,9.39,"{'UPC': '689719169927', 'EAN': '0689719169927', 'Brand': 'BG', 'MPN': 'A21', 'Binding': 'Electronics', 'Publisher': 'BG', 'ProductGroup': 'Musical Instruments', 'PartNumber': 'ABG A21', 'NumberOfItems': '1', 'Model': 'A21', 'Manufacturer': 'BG', 'Label': 'BG', 'ISBN': 'Not Applicable'}",BG,,,,,,,,,,,,,,,,,,,
253871865571,2020-07-15T00:03:38.000Z,https://www.ebay.com/itm/Bg-S85SH-Xs-Saxofon-Tirante-Absorbente-Cuello-Almohadilla-Ligeras-Fino-/253871865571,FixedPriceItem,UK,https://thumbs4.ebaystatic.com/pict/2538718655718080_5.jpg,"['https://i.ebayimg.com/00/s/Nzg2WDEzMDA=/z/0EYAAOSwl5JcG-oq/$_1.PNG?set_id=2', 'https://i.ebayimg.com/00/s/ODAwWDUzMw==/z/b~kAAOSw3-9cLLg8/$_1.JPG?set_id=2', 'https://i.ebayimg.com/00/s/ODAwWDUzMw==/z/91kAAOSwIbtcLLg~/$_1.JPG?set_id=2', 'https://i.ebayimg.com/00/s/ODAwWDUzMw==/z/0RYAAOSwn6JcLLhC/$_1.JPG?set_id=2']",16231,Instrumentos musicales:Instrumentos de viento madera:Banda y orquesta:Saxofones,0,Active,PT9H28M6S,Bg S85SH - Xs Saxofón Tirante - Absorbente Cuello Almohadilla - Ligeras & Fino,GB,false,1000,Nuevo,,USD,27.19,"{'MPN': 'S85SH', 'ConditionID': 'Nuevo', 'Marca': 'BG', 'EAN': '3700031228226'}",,,,,,,,,,,,,,,,,,,,
372436953546,2020-07-15T00:03:38.000Z,https://www.ebay.com/itm/Bg-S85SH-Xs-per-Sassofono-Fascia-Assorbente-collo-Pad-Leggere-Sottile-/372436953546,FixedPriceItem,UK,https://thumbs3.ebaystatic.com/pict/3724369535468080_5.jpg,"['https://i.ebayimg.com/00/s/Nzg2WDEzMDA=/z/0EYAAOSwl5JcG-oq/$_1.PNG?set_id=2', 'https://i.ebayimg.com/00/s/ODAwWDUzMw==/z/b~kAAOSw3-9cLLg8/$_1.JPG?set_id=2', 'https://i.ebayimg.com/00/s/ODAwWDUzMw==/z/91kAAOSwIbtcLLg~/$_1.JPG?set_id=2', 'https://i.ebayimg.com/00/s/ODAwWDUzMw==/z/0RYAAOSwn6JcLLhC/$_1.JPG?set_id=2']",16231,Strumenti musicali:Strumenti a fiato: legni:Band e orchestrali:Sassofoni,0,Active,PT9H28M5S,Bg S85SH - Xs per Sassofono Fascia - Assorbente collo Pad - Leggere & Sottile,GB,false,1000,Nuovo,,USD,27.19,"{'MPN': 'S85SH', 'ConditionID': 'Nuova', 'Marca': 'BG', 'EAN': '3700031228226'}",,,,,,,,,,,,,,,,,,,,
253871865586,2020-07-15T00:03:39.000Z,https://www.ebay.com/itm/Bg-S85SH-Xs-Saxophon-Schlinge-Saugfahig-Hals-Pad-Leicht-Dunn-/253871865586,FixedPriceItem,UK,https://thumbs3.ebaystatic.com/pict/2538718655868080_5.jpg,"['https://i.ebayimg.com/00/s/Nzg2WDEzMDA=/z/0EYAAOSwl5JcG-oq/$_1.PNG?set_id=2', 'https://i.ebayimg.com/00/s/ODAwWDUzMw==/z/b~kAAOSw3-9cLLg8/$_1.JPG?set_id=2', 'https://i.ebayimg.com/00/s/ODAwWDUzMw==/z/91kAAOSwIbtcLLg~/$_1.JPG?set_id=2', 'https://i.ebayimg.com/00/s/ODAwWDUzMw==/z/0RYAAOSwn6JcLLhC/$_1.JPG?set_id=2']",16231,Musikinstrumente:Blasinstrumente:Band & Orchester:Saxophone,0,Active,PT9H28M5S,Bg S85SH - Xs Saxophon Schlinge - Saugfähig Hals Pad - Leicht & Dünn,GB,false,1000,Neu,,USD,27.19,"{'Herstellernummer': 'S85SH', 'Marke': 'BG', 'ConditionID': 'Neu', 'EAN': '3700031228226'}",,,,,,,,,,,,,,,,,,,,
253871865615,2020-07-15T00:03:41.000Z,https://www.ebay.com/itm/Bg-S85SH-Xs-Saxophone-Fronde-Absorbant-Cou-Pad-Light-Fin-/253871865615,FixedPriceItem,UK,https://thumbs4.ebaystatic.com/pict/2538718656158080_5.jpg,"['https://i.ebayimg.com/00/s/Nzg2WDEzMDA=/z/0EYAAOSwl5JcG-oq/$_1.PNG?set_id=2', 'https://i.ebayimg.com/00/s/ODAwWDUzMw==/z/b~kAAOSw3-9cLLg8/$_1.JPG?set_id=2', 'https://i.ebayimg.com/00/s/ODAwWDUzMw==/z/91kAAOSwIbtcLLg~/$_1.JPG?set_id=2', 'https://i.ebayimg.com/00/s/ODAwWDUzMw==/z/0RYAAOSwn6JcLLhC/$_1.JPG?set_id=2']",16231,Instruments de musique:Instruments à vent (Bois):Orchestre:Saxophones,0,Active,PT9H28M6S,Bg S85SH - Xs Saxophone Fronde - Absorbant Cou Pad - Light & Fin,GB,false,1000,Neuf,,USD,27.19,"{'CODE-BARRES EAN': '3700031228226', 'ConditionID': 'Neuf', 'Marque': 'BG', 'Numéro de pièce fabricant': 'S85SH', 'EAN': '3700031228226'}",,,,,,,,,,,,,,,,,,,,
392727113994,2020-07-15T00:53:29.000Z,https://www.ebay.com/itm/adorence-Premium-Saxophone-Neck-Strap-Handmade-Genuine-Leather-Breathable-/392727113994,FixedPriceItem,Multiple Locations,https://thumbs3.ebaystatic.com/pict/3927271139948080_2.jpg,"['https://i.ebayimg.com/00/s/OTU3WDg1Mg==/z/D5cAAOSwR7RebX0b/$_12.PNG?set_id=880000500F', 'https://i.ebayimg.com/00/s/OTI2WDY2MA==/z/amYAAOSwqptebX0b/$_12.PNG?set_id=880000500F', 'https://i.ebayimg.com/00/s/MTAwMFg4NzQ=/z/S2gAAOSwSshebX0b/$_12.PNG?set_id=880000500F', 'https://i.ebayimg.com/00/s/MTAwMFgxMDAw/z/4DsAAOSwm8tebX0b/$_12.PNG?set_id=880000500F', 'https://i.ebayimg.com/00/s/OTg4WDkxNg==/z/0dAAAOSwondebX0b/$_12.PNG?set_id=880000500F', 'https://i.ebayimg.com/00/s/OTMyWDk4OA==/z/NtkAAOSwPiFebX0b/$_12.PNG?set_id=880000500F', 'https://i.ebayimg.com/00/s/MTAwMFg4ODM=/z/VIkAAOSwgyJebX0c/$_12.PNG?set_id=880000500F', 'https://i.ebayimg.com/00/s/OTU3WDg1Mg==/z/C4gAAOSwvGxebX0c/$_12.PNG?set_id=880000500F', 'https://i.ebayimg.com/00/s/OTU3WDg1Mg==/z/9jAAAOSwfAhebX0b/$_12.PNG?set_id=880000500F', 'https://i.ebayimg.com/00/s/OTU3WDg1Mg==/z/ai8AAOSwaZVebX0b/$_12.PNG?set_id=880000500F', 'https://i.ebayimg.com/00/s/OTU3WDg1Mg==/z/lAsAAOSwmWdebX0b/$_12.PNG?set_id=880000500F', 'https://i.ebayimg.com/00/s/OTU3WDg1Mg==/z/MvsAAOSwMQ5ebX0b/$_12.PNG?set_id=880000500F']",16231,Musical Instruments:Wind & Woodwind:Band & Orchestral:Saxophones,0,Active,PT10H17M53S,"adorence Premium Saxophone Neck Strap Handmade with Genuine Leather,Breathable &",GB,true,1000,New,true,USD,53.84,"{'UPC': '691166538751', 'EAN': '0691166538751', 'Brand': 'adorence', 'MPN': 'Not Applicable', 'Publisher': 'adorence', 'ProductGroup': 'Musical Instruments', 'Manufacturer': 'adorence', 'Label': 'adorence', 'Color': 'Black', 'ISBN': 'Not Applicable'}",adorence,,,,,,,,,,,,,,,,,,,
274421572764,2020-07-15T08:05:15.000Z,https://www.ebay.com/itm/Alto-Saxophone-Lupifaro-Gold-series-/274421572764,Chinese,Ebbw Vale,https://thumbs1.ebaystatic.com/pict/2744215727648080_1.jpg,"['https://i.ebayimg.com/00/s/MTIwMFgxNjAw/z/8QwAAOSwoP1eZ6H7/$_12.JPG?set_id=880000500F', 'https://i.ebayimg.com/00/s/MTYwMFgxMjAw/z/D7YAAOSwktpeZ6H-/$_12.JPG?set_id=880000500F', 'https://i.ebayimg.com/00/s/MTYwMFgxMjAw/z/16QAAOSwYxBeZ6IA/$_12.JPG?set_id=880000500F', 'https://i.ebayimg.com/00/s/MTIwMFgxNjAw/z/i1oAAOSw2FdeZ6KZ/$_12.JPG?set_id=880000500F']",16231,Musical Instruments:Wind & Woodwind:Band & Orchestral:Saxophones,0,Active,PT17H29M38S,Alto Saxophone Lupifaro Gold series,GB,false,1000,New,,USD,1633.97,,,,,,,,,,,,,Type,Alto,,,,,,,
124252067468,2020-07-15T09:25:23.000Z,https://www.ebay.com/itm/alto-saxophone-Gear-4-Music-/124252067468,Chinese,Margate,https://thumbs1.ebaystatic.com/pict/1242520674688080_1.jpg,"['https://i.ebayimg.com/00/s/MTYwMFg5MDA=/z/eHMAAOSwOzpe~FSZ/$_12.JPG?set_id=880000500F', 'https://i.ebayimg.com/00/s/MTYwMFgxMjAw/z/W7oAAOSwL0Je~FSf/$_12.JPG?set_id=880000500F', 'https://i.ebayimg.com/00/s/MTIwMFgxNjAw/z/0BUAAOSw2npe~FSk/$_12.JPG?set_id=880000500F', 'https://i.ebayimg.com/00/s/MTYwMFgxMjAw/z/zRQAAOSw6Ode~FSp/$_12.JPG?set_id=880000500F', 'https://i.ebayimg.com/00/s/MTYwMFgxMjAw/z/FPAAAOSwbZpe~FSw/$_12.JPG?set_id=880000500F']",16231,Musical Instruments:Wind & Woodwind:Band & Orchestral:Saxophones,0,Active,PT18H49M45S,alto saxophone Gear 4 Music,GB,false,2000,Manufacturer refurbished,,USD,252.35,"{'Brand': 'Unbranded', 'Type': 'Alto'}",Unbranded,Alto,,,,,,,,,,,,,,,,,,
253096908806,2020-07-15T10:59:59.000Z,https://www.ebay.com/itm/Rico-Reed-Guard-IV-Tenor-Bari-Sax-4-Reeds-/253096908806,FixedPriceItem,UK,https://thumbs3.ebaystatic.com/pict/2530969088068080_36.jpg,['https://i.ebayimg.com/00/s/NTIwWDUyMA==/z/j2QAAOSwxOJfBU4S/$_1.PNG?set_id=2'],16231,Musical Instruments:Wind & Woodwind:Band & Orchestral:Saxophones,0,Active,PT20H24M21S,Rico Reed Guard IV - Tenor / Bari Sax 4 Reeds,GB,false,1000,New,,USD,8.26,"{'MPN': 'RGRD4TSBS', 'Brand': 'Rico', 'UPC': '046716575890', 'ConditionID': 'New', 'EAN': '046716575890'}",Rico,,,,,,,,,,,,,,,,,,,
372045617170,2020-07-15T11:00:11.000Z,https://www.ebay.com/itm/Rico-Padded-Sax-Strap-Tenor-and-Baritone-/372045617170,FixedPriceItem,UK,https://thumbs3.ebaystatic.com/pict/3720456171708080_35.jpg,['https://i.ebayimg.com/00/s/NDAwWDEzMDA=/z/8~IAAOSwowJe~v0R/$_1.PNG?set_id=2'],16231,Musical Instruments:Wind & Woodwind:Band & Orchestral:Saxophones,0,Active,PT20H24M30S,Rico Padded Sax Strap - Tenor and Baritone,GB,false,1000,New,,USD,38.72,"{'MPN': 'SLA12', 'Brand': 'Rico', 'UPC': '046716575616', 'ConditionID': 'New', 'EAN': '046716575616'}",Rico,,,,,,,,,,,,,,,,,,,
253096909228,2020-07-15T11:00:16.000Z,https://www.ebay.com/itm/Rico-Tenor-Baritone-Saxophone-Sling-Jazz-Stripe-2-Cotton-Neck-Support-/253096909228,FixedPriceItem,UK,https://thumbs1.ebaystatic.com/pict/2530969092288080_34.jpg,['https://i.ebayimg.com/00/s/MTA5WDUwMA==/z/4o8AAOSwR3le8IvE/$_1.PNG?set_id=2'],16231,Musical Instruments:Wind & Woodwind:Band & Orchestral:Saxophones,0,Active,PT20H24M34S,Rico - Tenor/Baritone Saxophone Sling - Jazz Stripe 2 - Cotton Neck Support,GB,false,1000,New,,USD,19.78,"{'MPN': 'SLA08', 'Brand': 'Rico', 'UPC': '046716524485', 'ConditionID': 'New', 'EAN': '046716524485'}",Rico,,,,,,,,,,,,,,,,,,,
372628068799,2020-07-15T11:15:16.000Z,https://www.ebay.com/itm/Wood-Stone-KODAMA-II-Alto-Sax-Ligature-Meyer-Fit-Handmade-Leather-Surround-/372628068799,FixedPriceItem,UK,https://thumbs4.ebaystatic.com/pict/3726280687998080_15.jpg,"['https://i.ebayimg.com/00/s/MTAwMlgxNjAw/z/vSwAAOSwKtde~qg-/$_1.PNG?set_id=2', 'https://i.ebayimg.com/00/s/MTIwMFg4MTM=/z/BjAAAOSwr2xfDbhx/$_1.JPG?set_id=2', 'https://i.ebayimg.com/00/s/MTIwMFg4NTU=/z/z80AAOSw9cVfDbh0/$_1.JPG?set_id=2', 'https://i.ebayimg.com/00/s/ODczWDEyMDA=/z/X5QAAOSw--ZfDbh3/$_1.JPG?set_id=2', 'https://i.ebayimg.com/00/s/ODI1WDEyMDA=/z/CXgAAOSwPUBfDbh6/$_1.JPG?set_id=2']",16231,Musical Instruments:Wind & Woodwind:Band & Orchestral:Saxophones,0,Active,PT20H39M33S,Wood Stone KODAMA II Alto Sax Ligature - Meyer Fit - Handmade & Leather Surround,GB,false,1000,New,,USD,254.27,"{'MPN': 'WS A.Sax ligature KODAMA II for Meyer rubber mout', 'Brand': 'Wood Stone', 'UPC': '5060286413401', 'ConditionID': 'New', 'EAN': '5060286413401'}",Wood Stone,,,,,,,,,,,,,,,,,,,
313140701035,2020-07-15T11:35:31.000Z,https://www.ebay.com/itm/Yamaha-YAS-275-Alto-Saxophone-V-G-C-Original-mouthpiece-Ligature-Case-/313140701035,Chinese,Warwick,https://thumbs4.ebaystatic.com/pict/3131407010358080_1.jpg,"['https://i.ebayimg.com/00/s/MTYwMFgxMjAw/z/ikAAAOSwudBfBaoz/$_32.JPG?set_id=880000500F', 'https://i.ebayimg.com/00/s/MTYwMFgxMjAw/z/0hsAAOSwwI5fBaqu/$_32.JPG?set_id=880000500F', 'https://i.ebayimg.com/00/s/MTYwMFgxMjAw/z/NMIAAOSwEHNfBarm/$_32.JPG?set_id=880000500F']",16231,Musical Instruments:Wind & Woodwind:Band & Orchestral:Saxophones,5,Active,PT20H59M47S,"Yamaha YAS 275 Alto Saxophone . V G C . Original mouthpiece , Ligature & Case",GB,false,3000,Used,,USD,334.36,"{'Brand': 'Yamaha', 'Type': 'Alto', 'Body Finish': 'Gold Lacquer', 'Skill Level': 'Intermediate'}",Yamaha,Alto,Intermediate,Gold Lacquer,,,,,,,,,,,,,,,,
133460019417,2020-07-15T11:47:21.000Z,https://www.ebay.com/itm/saxophone-/133460019417,Chinese,High Wycombe,https://thumbs2.ebaystatic.com/pict/1334600194178080_1.jpg,"['https://i.ebayimg.com/00/s/MTIwMFgxNjAw/z/-vIAAOSwg4ZfBbIA/$_32.JPG?set_id=880000500F', 'https://i.ebayimg.com/00/s/MTYwMFgxMjAw/z/FocAAOSwEtxfBbIg/$_32.JPG?set_id=880000500F']",16231,Musical Instruments:Wind & Woodwind:Band & Orchestral:Saxophones,11,Active,PT21H11M36S,saxophone,GB,false,3000,Used,,USD,190.52,"{'Body Material': 'Brass', 'Brand': 'Jupiter', 'Type': 'Alto', 'Key Finish': 'Brass', 'Skill Level': 'Intermediate'}",Jupiter,Alto,Intermediate,,Brass,Brass,,,,,,,,,,,,,,
372502747288,2020-07-15T11:55:15.000Z,https://www.ebay.com/itm/Windcraft-Alto-Sax-Mouthpiece-Cap-Nickel-Plated-/372502747288,FixedPriceItem,UK,https://thumbs1.ebaystatic.com/pict/3725027472888080_20.jpg,['https://i.ebayimg.com/00/s/NTIwWDQxMA==/z/Ge8AAOSw-rle8lkf/$_1.PNG?set_id=2'],16231,Musical Instruments:Wind & Woodwind:Band & Orchestral:Saxophones,0,Active,PT21H19M29S,Windcraft Alto Sax Mouthpiece Cap - Nickel Plated,GB,false,1000,New,,USD,9.3,"{'MPN': 'AC3', 'Brand': 'Windcraft', 'UPC': '5060286410547', 'ConditionID': 'New', 'EAN': '5060286410547'}",Windcraft,,,,,,,,,,,,,,,,,,,
173934176629,2020-07-15T12:26:00.000Z,https://www.ebay.com/itm/PRACTISE-LIST-Practical-Guide-Improvisation-/173934176629,FixedPriceItem,Waterlooville,https://thumbs2.ebaystatic.com/pict/1739341766298080_1.jpg,"['https://i.ebayimg.com/00/s/MTYwMFgxMDc2/z/lVIAAOSwXsFaT~0K/$_57.JPG?set_id=8800005007', 'https://i.ebayimg.com/00/s/MTYwMFgxNTg3/z/aaAAAOSwwhlaT~0f/$_57.JPG?set_id=8800005007', 'https://i.ebayimg.com/00/s/MTYwMFgxMTc1/z/pBEAAOSwhplaT~0r/$_57.JPG?set_id=8800005007', 'https://i.ebayimg.com/00/s/MTIxMFgxNjAw/z/dZ8AAOSwJj9aT~03/$_57.JPG?set_id=8800005007', 'https://i.ebayimg.com/00/s/MTYwMFgxMjAw/z/aLwAAOSwf15aT~1Q/$_57.JPG?set_id=8800005007']",16231,Musical Instruments:Wind & Woodwind:Band & Orchestral:Saxophones,0,Active,PT21H50M13S,THE PRACTISE LIST: A Practical Guide to Improvisation,GB,true,1000,New,,USD,9.46,"{'Country/Region of Manufacture': 'United Kingdom', 'Skill Level': 'Intermediate / Advanced'}",,,Intermediate / Advanced,,,,,,,United Kingdom,,,,,,,,,,
173934177375,2020-07-15T12:27:10.000Z,https://www.ebay.com/itm/LICKS-Practical-Guide-Improvisation-/173934177375,FixedPriceItem,Waterlooville,https://thumbs4.ebaystatic.com/pict/1739341773758080_1.jpg,"['https://i.ebayimg.com/00/s/Nzk3WDUzMw==/z/9VwAAOSwVgxboBAE/$_57.JPG?set_id=8800005007', 'https://i.ebayimg.com/00/s/NzI0WDcyOA==/z/rLcAAOSw4QdboBAS/$_57.JPG?set_id=8800005007', 'https://i.ebayimg.com/00/s/Njg5WDQxNA==/z/29kAAOSwhrpb7~1Q/$_57.JPG?set_id=8800005007', 'https://i.ebayimg.com/00/s/NzIxWDExNTQ=/z/STkAAOSwjrFb7~1X/$_57.JPG?set_id=8800005007', 'https://i.ebayimg.com/00/s/MTYwMFgxMjAw/z/YAwAAOSwFvZboBAx/$_57.JPG?set_id=8800005007']",16231,Musical Instruments:Wind & Woodwind:Band & Orchestral:Saxophones,0,Active,PT21H51M22S,LICKS: A Practical Guide to Improvisation,GB,true,1000,New,,USD,9.46,,,,,,,,,,,,,Country/Region of Manufacture,United Kingdom,,,,,,,
224072318470,2020-07-15T13:20:55.000Z,https://www.ebay.com/itm/Trevor-James-Tenor-Saxophone-USED-/224072318470,Chinese,Brighton,https://thumbs3.ebaystatic.com/pict/2240723184708080_1.jpg,"['https://i.ebayimg.com/00/s/MTYwMFg5MDA=/z/t~gAAOSwtEBfBcdp/$_32.JPG?set_id=880000500F', 'https://i.ebayimg.com/00/s/MTYwMFg5MDA=/z/yLMAAOSwPplfBcdI/$_32.JPG?set_id=880000500F', 'https://i.ebayimg.com/00/s/MTYwMFg5MDA=/z/ncUAAOSwYDVfBcdd/$_32.JPG?set_id=880000500F', 'https://i.ebayimg.com/00/s/MTYwMFg5MDA=/z/J6IAAOSw4rxfBcdi/$_32.JPG?set_id=880000500F', 'https://i.ebayimg.com/00/s/MTYwMFg5MDA=/z/zqIAAOSwGrVfBcdi/$_32.JPG?set_id=880000500F', 'https://i.ebayimg.com/00/s/MTYwMFg5MDA=/z/GOEAAOSwCfRfBcd0/$_32.JPG?set_id=880000500F', 'https://i.ebayimg.com/00/s/MTYwMFg5MDA=/z/ZOsAAOSwWvtfBcdo/$_32.JPG?set_id=880000500F', 'https://i.ebayimg.com/00/s/MTYwMFg5MDA=/z/DvYAAOSwfkVfBcds/$_32.JPG?set_id=880000500F', 'https://i.ebayimg.com/00/s/OTAwWDE2MDA=/z/A70AAOSwgbdfBcdA/$_32.JPG?set_id=880000500F', 'https://i.ebayimg.com/00/s/OTAwWDE2MDA=/z/TngAAOSwEhJfBcdA/$_32.JPG?set_id=880000500F']",16231,Musical Instruments:Wind & Woodwind:Band & Orchestral:Saxophones,8,Active,PT22H45M6S,Trevor James Tenor Saxophone - USED,GB,false,3000,Used,,USD,174.92,"{'Brand': 'Trevor James', 'Type': 'Tenor'}",Trevor James,Tenor,,,,,,,,,,,,,,,,,,
224072319359,2020-07-15T13:22:22.000Z,https://www.ebay.com/itm/ARBITER-PRO-SOUND-LONDON-ALTO-SAXOPHONE-EXTRAS-/224072319359,Chinese,Liphook,https://thumbs4.ebaystatic.com/pict/2240723193598080_1.jpg,"['https://i.ebayimg.com/00/s/MTYwMFgxMjAw/z/VPMAAOSwvWNfBcXC/$_12.JPG?set_id=880000500F', 'https://i.ebayimg.com/00/s/MTYwMFgxMjAw/z/~R8AAOSwPfxfBcXK/$_12.JPG?set_id=880000500F', 'https://i.ebayimg.com/00/s/MTYwMFgxMjAw/z/rxQAAOSweblfBcXQ/$_12.JPG?set_id=880000500F', 'https://i.ebayimg.com/00/s/MTYwMFgxMjAw/z/tAQAAOSwtfVfBcXX/$_12.JPG?set_id=880000500F', 'https://i.ebayimg.com/00/s/MTYwMFgxMjAw/z/E-IAAOSwywdfBcXg/$_12.JPG?set_id=880000500F', 'https://i.ebayimg.com/00/s/MTYwMFgxMjAw/z/YK4AAOSwye9fBcXm/$_12.JPG?set_id=880000500F', 'https://i.ebayimg.com/00/s/MTYwMFgxMjAw/z/G6AAAOSwysRfBcXs/$_12.JPG?set_id=880000500F', 'https://i.ebayimg.com/00/s/MTYwMFgxMjAw/z/cNwAAOSweQVfBcXw/$_12.JPG?set_id=880000500F', 'https://i.ebayimg.com/00/s/MTYwMFgxMjAw/z/ukoAAOSwV4RfBcX3/$_12.JPG?set_id=880000500F', 'https://i.ebayimg.com/00/s/MTYwMFgxMjAw/z/dTUAAOSwXs1fBcX-/$_12.JPG?set_id=880000500F', 'https://i.ebayimg.com/00/s/MTIwMFgxNjAw/z/AmMAAOSw9Q9fBcYD/$_12.JPG?set_id=880000500F', 'https://i.ebayimg.com/00/s/MTYwMFgxMjAw/z/DrwAAOSwCNNfBcYJ/$_12.JPG?set_id=880000500F']",16231,Musical Instruments:Wind & Woodwind:Band & Orchestral:Saxophones,0,Active,PT22H46M31S,ARBITER PRO SOUND LONDON ALTO SAXOPHONE WITH EXTRAS,GB,false,3000,Used,true,USD,227.1,"{'Body Material': 'Yellow Brass', 'Brand': 'ARBITER', 'Modified Item': 'No', 'Body Finish': 'Gold Lacquer', 'Type': 'Alto', 'Key Finish': 'Gold Lacquered', 'Skill Level': 'Intermediate'}",ARBITER,Alto,Intermediate,Gold Lacquer,Yellow Brass,Gold Lacquered,,No,,,,,,,,,,,,
274398108380,2020-07-15T13:29:18.000Z,https://www.ebay.com/itm/Evette-Alto-Saxophone-Buffet-Crampton-case-Excellent-condition-hardly-used-/274398108380,FixedPriceItem,London,https://thumbs1.ebaystatic.com/pict/2743981083808080_1.jpg,"['https://i.ebayimg.com/00/s/MTAyNFg3Njg=/z/fSQAAOSw3npe32jl/$_12.JPG?set_id=880000500F', 'https://i.ebayimg.com/00/s/MTAyNFg3Njg=/z/4mMAAOSw~dFe32jk/$_12.JPG?set_id=880000500F', 'https://i.ebayimg.com/00/s/MTAyNFg3Njg=/z/-ZgAAOSwAtZe32jm/$_12.JPG?set_id=880000500F', 'https://i.ebayimg.com/00/s/NzY4WDEwMjQ=/z/Fb0AAOSwByVe32jn/$_12.JPG?set_id=880000500F', 'https://i.ebayimg.com/00/s/NzY4WDEwMjQ=/z/wRYAAOSwh9de32jo/$_12.JPG?set_id=880000500F', 'https://i.ebayimg.com/00/s/NzY4WDEwMjQ=/z/0K0AAOSwlRZe32jp/$_12.JPG?set_id=880000500F', 'https://i.ebayimg.com/00/s/NzY4WDEwMjQ=/z/dxgAAOSwnRZe32jq/$_12.JPG?set_id=880000500F', 'https://i.ebayimg.com/00/s/NzY4WDEwMjQ=/z/g84AAOSwGhBe32jr/$_12.JPG?set_id=880000500F', 'https://i.ebayimg.com/00/s/NzY4WDEwMjQ=/z/g8QAAOSwwRFe32js/$_12.JPG?set_id=880000500F', 'https://i.ebayimg.com/00/s/NzY4WDEwMjQ=/z/L4wAAOSwWPle32jt/$_12.JPG?set_id=880000500F', 'https://i.ebayimg.com/00/s/MTAyNFg3Njg=/z/aHUAAOSwbR9e32ju/$_12.JPG?set_id=880000500F', 'https://i.ebayimg.com/00/s/ODMxWDEwMjQ=/z/H9YAAOSwqvJe32jv/$_12.JPG?set_id=880000500F']",16231,Musical Instruments:Wind & Woodwind:Band & Orchestral:Saxophones,0,Active,PT22H53M26S,Evette Alto Saxophone Buffet Crampton with case. Excellent condition hardly used,GB,false,3000,Used,,USD,435.3,"{'Body Finish': 'Brass Lacquer', 'Body Material': 'Brass', 'Brand': 'Evette', 'Type': 'Alto', 'EAN': 'Does not apply'}",Evette,Alto,,Brass Lacquer,Brass,,,,,,,,,,,,,,,
372568534116,2020-07-15T13:37:40.000Z,https://www.ebay.com/itm/Wood-Stone-Original-Soprano-Sax-Ligature-Copper-/372568534116,FixedPriceItem,UK,https://thumbs1.ebaystatic.com/pict/3725685341168080_17.jpg,"['https://i.ebayimg.com/00/s/MTE5OFgxNjAw/z/5QwAAOSwgXle~rd~/$_1.PNG?set_id=2', 'https://i.ebayimg.com/00/s/MTIwMFg4MDA=/z/1jQAAOSwGUxfDY29/$_1.JPG?set_id=2', 'https://i.ebayimg.com/00/s/OTAyWDEyMDA=/z/plwAAOSwWFlfDY3B/$_1.JPG?set_id=2', 'https://i.ebayimg.com/00/s/ODU1WDEyMDA=/z/sHcAAOSwb6hfDY3E/$_1.JPG?set_id=2']",16231,Musical Instruments:Wind & Woodwind:Band & Orchestral:Saxophones,0,Active,PT23H1M47S,Wood Stone Original Soprano Sax Ligature - Copper,GB,false,1000,New,,USD,189.25,"{'MPN': 'WS S.Sax metal ligature for Selmer rubber mouthpi', 'Brand': 'Wood Stone', 'UPC': '5060286413524', 'ConditionID': 'New', 'EAN': '5060286413524'}",Wood Stone,,,,,,,,,,,,,,,,,,,
333650416484,2020-07-15T13:43:34.000Z,https://www.ebay.com/itm/TREVOR-J-JAMES-ALTO-SAXOPHONE-S1-CASE-/333650416484,Chinese,Cardiff,https://thumbs1.ebaystatic.com/pict/3336504164848080_1.jpg,"['https://i.ebayimg.com/00/s/MTYwMFg5MDA=/z/WaQAAOSwhfhfBH1t/$_57.JPG?set_id=8800005007', 'https://i.ebayimg.com/00/s/OTAwWDE2MDA=/z/XHYAAOSwwVdfBH1x/$_57.JPG?set_id=8800005007', 'https://i.ebayimg.com/00/s/OTAwWDE2MDA=/z/0TcAAOSwSnZfBH10/$_57.JPG?set_id=8800005007', 'https://i.ebayimg.com/00/s/OTAwWDE2MDA=/z/mdsAAOSwrD9fBH15/$_57.JPG?set_id=8800005007', 'https://i.ebayimg.com/00/s/OTAwWDE2MDA=/z/GK8AAOSwoQ5fBH18/$_57.JPG?set_id=8800005007', 'https://i.ebayimg.com/00/s/OTAwWDE2MDA=/z/fggAAOSwKG1fBH2B/$_57.JPG?set_id=8800005007', 'https://i.ebayimg.com/00/s/OTAwWDE2MDA=/z/x34AAOSwLcpfBH2F/$_57.JPG?set_id=8800005007', 'https://i.ebayimg.com/00/s/MTYwMFg5MDA=/z/lZkAAOSwYdBfBH2N/$_57.JPG?set_id=8800005007', 'https://i.ebayimg.com/00/s/MTYwMFg5MDA=/z/uw4AAOSwXhJfBH2V/$_57.JPG?set_id=8800005007', 'https://i.ebayimg.com/00/s/MTYwMFg5MDA=/z/66QAAOSw2~hfBH2b/$_57.JPG?set_id=8800005007']",16231,Musical Instruments:Wind & Woodwind:Band & Orchestral:Saxophones,0,Active,PT23H7M40S,TREVOR J JAMES ALTO SAXOPHONE S1 + CASE,GB,false,3000,Used,,USD,252.35,"{'Modified Item': 'No', 'Custom Bundle': 'No', 'Type': 'Alto', 'MPN': 'Does Not Apply', 'Key Finish': 'Brass', 'Brand': 'Trevor James', 'EAN': 'Does not apply'}",Trevor James,Alto,,,,Brass,No,No,,,,,,,,true,USD,441.61,,
184357209312,2020-07-15T14:09:08.000Z,https://www.ebay.com/itm/Jupiter-500-Series-alto-saxophone-used-/184357209312,Chinese,Dartford,https://thumbs1.ebaystatic.com/pict/1843572093128080_1.jpg,"['https://i.ebayimg.com/00/s/MTYwMFgxMjAw/z/9IcAAOSwlVBfBdM0/$_12.JPG?set_id=880000500F', 'https://i.ebayimg.com/00/s/MTYwMFgxMjAw/z/mGEAAOSw1ixfBdMn/$_12.JPG?set_id=880000500F', 'https://i.ebayimg.com/00/s/MTYwMFgxMjAw/z/ZrQAAOSwWMtfBdMq/$_12.JPG?set_id=880000500F', 'https://i.ebayimg.com/00/s/MTYwMFgxMjAw/z/rHwAAOSwNGxfBdMv/$_12.JPG?set_id=880000500F', 'https://i.ebayimg.com/00/s/MTYwMFgxMjAw/z/XHwAAOSwKtdfBdMt/$_12.JPG?set_id=880000500F', 'https://i.ebayimg.com/00/s/MTYwMFgxMjAw/z/hbAAAOSwJqFfBdM4/$_12.JPG?set_id=880000500F', 'https://i.ebayimg.com/00/s/MTYwMFgxMjAw/z/nf8AAOSwywBfBdMy/$_12.JPG?set_id=880000500F', 'https://i.ebayimg.com/00/s/MTYwMFgxMjAw/z/P88AAOSwwttfBdM3/$_12.JPG?set_id=880000500F', 'https://i.ebayimg.com/00/s/MTYwMFgxMjAw/z/HW8AAOSwEexfBdM6/$_12.JPG?set_id=880000500F', 'https://i.ebayimg.com/00/s/MTYwMFgxMjAw/z/btEAAOSwJrpfBdM9/$_12.JPG?set_id=880000500F', 'https://i.ebayimg.com/00/s/MTYwMFgxMjAw/z/dSgAAOSwRNFfBdM~/$_12.JPG?set_id=880000500F', 'https://i.ebayimg.com/00/s/MTYwMFgxMjAw/z/xSAAAOSwQkhfBdNB/$_12.JPG?set_id=880000500F']",16231,Musical Instruments:Wind & Woodwind:Band & Orchestral:Saxophones,3,Active,PT23H33M13S,Jupiter 500 Series alto saxophone used,GB,false,3000,Used,,USD,160.24,"{'Brand': 'Jupiter', 'Type': 'Alto'}",Jupiter,Alto,,,,,,,,,,,,,,,,,,
